Region,Sox2_percent,Sox2_count,N
Anterior,87.01298701298701,67,77
Marginal,93.15068493150685,68,73
