Region,Sox2_percent,Sox2_count,N
Anterior,83.90243902439025,172,205
Marginal,83.90243902439025,172,205
