Region,Sox2_percent,Sox2_count,N
Anterior,80.36363636363636,221,275
Marginal,85.0574712643678,222,261
