Region,N,Alexa_pos_count,Cy3_pos_count,Coexpress_count,Sox2_pos_count,Alexa_mean_median,Cy3_mean_median,DAPI_mean_median,Alexa_pos_percent,Cy3_pos_percent,Coexpress_percent,Sox2_pos_percent
Anterior,311,262,259,220,259,0.07998097687959671,0.2996210753917694,0.17894071340560913,84.2443729903537,83.27974276527331,70.7395498392283,83.27974276527331
Marginal,298,256,259,223,259,0.07531332969665527,0.23856694251298904,0.1910185143351555,85.90604026845638,86.91275167785236,74.83221476510067,86.91275167785236
