Region,Sox2_percent,Sox2_count,N
Anterior,79.92831541218638,223,279
Marginal,87.109375,223,256
