Region,Sox2_percent,Sox2_count,N
Anterior,83.27974276527331,259,311
Marginal,86.91275167785236,259,298
