Region,N,Alexa_pos_count,Cy3_pos_count,Coexpress_count,Sox2_pos_count,Alexa_mean_median,Cy3_mean_median,DAPI_mean_median,Alexa_pos_percent,Cy3_pos_percent,Coexpress_percent,Sox2_pos_percent
Anterior,279,232,223,189,223,0.0777977854013443,0.29884663224220276,0.1770055592060089,83.15412186379928,79.92831541218638,67.74193548387096,79.92831541218638
Marginal,256,212,223,188,223,0.07762596756219864,0.23714329302310944,0.18355918675661087,82.8125,87.109375,73.4375,87.109375
